Date,Predicted Quantity,Product Name
2025-01-01,251.0,a
2025-01-02,249.0,a
2025-01-03,251.0,a
2025-01-04,254.0,a
2025-01-05,254.0,a
2025-01-06,252.0,a
2025-01-07,252.0,a
2025-01-01,707.0,aapl
2025-01-02,707.0,aapl
2025-01-03,714.0,aapl
2025-01-04,708.0,aapl
2025-01-05,703.0,aapl
2025-01-06,708.0,aapl
2025-01-07,700.0,aapl
2025-01-01,373.0,abbv
2025-01-02,367.0,abbv
2025-01-03,366.0,abbv
2025-01-04,367.0,abbv
2025-01-05,366.0,abbv
2025-01-06,372.0,abbv
2025-01-07,373.0,abbv
2025-01-01,564.0,acgl
2025-01-02,565.0,acgl
2025-01-03,564.0,acgl
2025-01-04,576.0,acgl
2025-01-05,577.0,acgl
2025-01-06,576.0,acgl
2025-01-07,572.0,acgl
2025-01-01,560.0,acn
2025-01-02,568.0,acn
2025-01-03,565.0,acn
2025-01-04,572.0,acn
2025-01-05,576.0,acn
2025-01-06,571.0,acn
2025-01-07,572.0,acn
2025-01-01,525.0,adm
2025-01-02,526.0,adm
2025-01-03,519.0,adm
2025-01-04,525.0,adm
2025-01-05,520.0,adm
2025-01-06,525.0,adm
2025-01-07,519.0,adm
2025-01-01,752.0,aee
2025-01-02,746.0,aee
2025-01-03,742.0,aee
2025-01-04,741.0,aee
2025-01-05,742.0,aee
2025-01-06,741.0,aee
2025-01-07,742.0,aee
2025-01-01,428.0,aes
2025-01-02,434.0,aes
2025-01-03,427.0,aes
2025-01-04,431.0,aes
2025-01-05,435.0,aes
2025-01-06,434.0,aes
2025-01-07,434.0,aes
2025-01-01,373.0,ajg
2025-01-02,374.0,ajg
2025-01-03,375.0,ajg
2025-01-04,374.0,ajg
2025-01-05,373.0,ajg
2025-01-06,373.0,ajg
2025-01-07,374.0,ajg
2025-01-01,459.0,akam
2025-01-02,455.0,akam
2025-01-03,455.0,akam
2025-01-04,463.0,akam
2025-01-05,460.0,akam
2025-01-06,460.0,akam
2025-01-07,460.0,akam
2025-01-01,398.0,amcr
2025-01-02,404.0,amcr
2025-01-03,405.0,amcr
2025-01-04,408.0,amcr
2025-01-05,410.0,amcr
2025-01-06,405.0,amcr
2025-01-07,406.0,amcr
2025-01-01,503.0,amgn
2025-01-02,508.0,amgn
2025-01-03,508.0,amgn
2025-01-04,508.0,amgn
2025-01-05,504.0,amgn
2025-01-06,500.0,amgn
2025-01-07,500.0,amgn
2025-01-01,453.0,amp
2025-01-02,452.0,amp
2025-01-03,446.0,amp
2025-01-04,446.0,amp
2025-01-05,452.0,amp
2025-01-06,452.0,amp
2025-01-07,453.0,amp
2025-01-01,611.0,amt
2025-01-02,611.0,amt
2025-01-03,620.0,amt
2025-01-04,617.0,amt
2025-01-05,615.0,amt
2025-01-06,609.0,amt
2025-01-07,609.0,amt
2025-01-01,686.0,amzn
2025-01-02,687.0,amzn
2025-01-03,687.0,amzn
2025-01-04,693.0,amzn
2025-01-05,687.0,amzn
2025-01-06,700.0,amzn
2025-01-07,698.0,amzn
2025-01-01,518.0,anet
2025-01-02,519.0,anet
2025-01-03,519.0,anet
2025-01-04,519.0,anet
2025-01-05,520.0,anet
2025-01-06,520.0,anet
2025-01-07,520.0,anet
2025-01-01,424.0,anss
2025-01-02,420.0,anss
2025-01-03,418.0,anss
2025-01-04,418.0,anss
2025-01-05,415.0,anss
2025-01-06,417.0,anss
2025-01-07,418.0,anss
2025-01-01,532.0,aon
2025-01-02,537.0,aon
2025-01-03,531.0,aon
2025-01-04,532.0,aon
2025-01-05,538.0,aon
2025-01-06,537.0,aon
2025-01-07,531.0,aon
2025-01-01,519.0,apa
2025-01-02,515.0,apa
2025-01-03,519.0,apa
2025-01-04,525.0,apa
2025-01-05,520.0,apa
2025-01-06,520.0,apa
2025-01-07,519.0,apa
2025-01-01,615.0,apd
2025-01-02,610.0,apd
2025-01-03,615.0,apd
2025-01-04,621.0,apd
2025-01-05,615.0,apd
2025-01-06,620.0,apd
2025-01-07,611.0,apd
2025-01-01,778.0,aph
2025-01-02,777.0,aph
2025-01-03,792.0,aph
2025-01-04,779.0,aph
2025-01-05,779.0,aph
2025-01-06,781.0,aph
2025-01-07,784.0,aph
2025-01-01,346.0,apo
2025-01-02,346.0,apo
2025-01-03,343.0,apo
2025-01-04,343.0,apo
2025-01-05,345.0,apo
2025-01-06,340.0,apo
2025-01-07,343.0,apo
2025-01-01,463.0,aptv
2025-01-02,455.0,aptv
2025-01-03,455.0,aptv
2025-01-04,452.0,aptv
2025-01-05,447.0,aptv
2025-01-06,453.0,aptv
2025-01-07,455.0,aptv
2025-01-01,492.0,are
2025-01-02,496.0,are
2025-01-03,498.0,are
2025-01-04,496.0,are
2025-01-05,492.0,are
2025-01-06,496.0,are
2025-01-07,497.0,are
2025-01-01,554.0,axon
2025-01-02,552.0,axon
2025-01-03,555.0,axon
2025-01-04,552.0,axon
2025-01-05,549.0,axon
2025-01-06,553.0,axon
2025-01-07,553.0,axon
2025-01-01,503.0,ba
2025-01-02,509.0,ba
2025-01-03,509.0,ba
2025-01-04,508.0,ba
2025-01-05,507.0,ba
2025-01-06,503.0,ba
2025-01-07,503.0,ba
2025-01-01,438.0,bac
2025-01-02,439.0,bac
2025-01-03,445.0,bac
2025-01-04,446.0,bac
2025-01-05,439.0,bac
2025-01-06,431.0,bac
2025-01-07,434.0,bac
2025-01-01,213.0,ball
2025-01-02,212.0,ball
2025-01-03,213.0,ball
2025-01-04,213.0,ball
2025-01-05,213.0,ball
2025-01-06,213.0,ball
2025-01-07,211.0,ball
2025-01-01,459.0,bax
2025-01-02,460.0,bax
2025-01-03,463.0,bax
2025-01-04,463.0,bax
2025-01-05,455.0,bax
2025-01-06,447.0,bax
2025-01-07,452.0,bax
2025-01-01,168.0,bdx
2025-01-02,165.0,bdx
2025-01-03,163.0,bdx
2025-01-04,163.0,bdx
2025-01-05,162.0,bdx
2025-01-06,163.0,bdx
2025-01-07,163.0,bdx
2025-01-01,244.0,ben
2025-01-02,244.0,ben
2025-01-03,239.0,ben
2025-01-04,240.0,ben
2025-01-05,245.0,ben
2025-01-06,249.0,ben
2025-01-07,245.0,ben
2025-01-01,565.0,bg
2025-01-02,562.0,bg
2025-01-03,561.0,bg
2025-01-04,563.0,bg
2025-01-05,558.0,bg
2025-01-06,560.0,bg
2025-01-07,561.0,bg
2025-01-01,779.0,bk
2025-01-02,778.0,bk
2025-01-03,767.0,bk
2025-01-04,779.0,bk
2025-01-05,779.0,bk
2025-01-06,780.0,bk
2025-01-07,783.0,bk
2025-01-01,575.0,bkng
2025-01-02,577.0,bkng
2025-01-03,571.0,bkng
2025-01-04,572.0,bkng
2025-01-05,566.0,bkng
2025-01-06,572.0,bkng
2025-01-07,564.0,bkng
2025-01-01,640.0,bkr
2025-01-02,641.0,bkr
2025-01-03,632.0,bkr
2025-01-04,641.0,bkr
2025-01-05,636.0,bkr
2025-01-06,638.0,bkr
2025-01-07,638.0,bkr
2025-01-01,647.0,bmy
2025-01-02,651.0,bmy
2025-01-03,656.0,bmy
2025-01-04,657.0,bmy
2025-01-05,657.0,bmy
2025-01-06,657.0,bmy
2025-01-07,657.0,bmy
2025-01-01,526.0,bwa
2025-01-02,526.0,bwa
2025-01-03,531.0,bwa
2025-01-04,537.0,bwa
2025-01-05,541.0,bwa
2025-01-06,537.0,bwa
2025-01-07,532.0,bwa
2025-01-01,180.0,bxp
2025-01-02,179.0,bxp
2025-01-03,178.0,bxp
2025-01-04,178.0,bxp
2025-01-05,176.0,bxp
2025-01-06,177.0,bxp
2025-01-07,179.0,bxp
2025-01-01,713.0,cag
2025-01-02,711.0,cag
2025-01-03,722.0,cag
2025-01-04,724.0,cag
2025-01-05,720.0,cag
2025-01-06,718.0,cag
2025-01-07,722.0,cag
2025-01-01,252.0,cci
2025-01-02,255.0,cci
2025-01-03,253.0,cci
2025-01-04,256.0,cci
2025-01-05,256.0,cci
2025-01-06,255.0,cci
2025-01-07,255.0,cci
2025-01-01,319.0,ceg
2025-01-02,319.0,ceg
2025-01-03,319.0,ceg
2025-01-04,319.0,ceg
2025-01-05,319.0,ceg
2025-01-06,319.0,ceg
2025-01-07,319.0,ceg
2025-01-01,493.0,cf
2025-01-02,492.0,cf
2025-01-03,497.0,cf
2025-01-04,498.0,cf
2025-01-05,492.0,cf
2025-01-06,498.0,cf
2025-01-07,500.0,cf
2025-01-01,354.0,cfg
2025-01-02,350.0,cfg
2025-01-03,350.0,cfg
2025-01-04,350.0,cfg
2025-01-05,355.0,cfg
2025-01-06,350.0,cfg
2025-01-07,354.0,cfg
2025-01-01,273.0,chd
2025-01-02,277.0,chd
2025-01-03,277.0,chd
2025-01-04,274.0,chd
2025-01-05,273.0,chd
2025-01-06,272.0,chd
2025-01-07,272.0,chd
2025-01-01,518.0,chrw
2025-01-02,520.0,chrw
2025-01-03,526.0,chrw
2025-01-04,530.0,chrw
2025-01-05,537.0,chrw
2025-01-06,536.0,chrw
2025-01-07,530.0,chrw
2025-01-01,555.0,chtr
2025-01-02,553.0,chtr
2025-01-03,555.0,chtr
2025-01-04,558.0,chtr
2025-01-05,558.0,chtr
2025-01-06,555.0,chtr
2025-01-07,558.0,chtr
2025-01-01,439.0,cl
2025-01-02,434.0,cl
2025-01-03,427.0,cl
2025-01-04,427.0,cl
2025-01-05,427.0,cl
2025-01-06,431.0,cl
2025-01-07,434.0,cl
2025-01-01,430.0,cmcsa
2025-01-02,431.0,cmcsa
2025-01-03,424.0,cmcsa
2025-01-04,420.0,cmcsa
2025-01-05,420.0,cmcsa
2025-01-06,420.0,cmcsa
2025-01-07,427.0,cmcsa
2025-01-01,259.0,cmi
2025-01-02,258.0,cmi
2025-01-03,262.0,cmi
2025-01-04,260.0,cmi
2025-01-05,258.0,cmi
2025-01-06,256.0,cmi
2025-01-07,257.0,cmi
2025-01-01,372.0,cms
2025-01-02,373.0,cms
2025-01-03,367.0,cms
2025-01-04,373.0,cms
2025-01-05,368.0,cms
2025-01-06,366.0,cms
2025-01-07,367.0,cms
2025-01-01,308.0,cof
2025-01-02,309.0,cof
2025-01-03,308.0,cof
2025-01-04,308.0,cof
2025-01-05,308.0,cof
2025-01-06,308.0,cof
2025-01-07,308.0,cof
2025-01-01,309.0,cop
2025-01-02,308.0,cop
2025-01-03,309.0,cop
2025-01-04,309.0,cop
2025-01-05,309.0,cop
2025-01-06,312.0,cop
2025-01-07,311.0,cop
2025-01-01,297.0,cor
2025-01-02,297.0,cor
2025-01-03,298.0,cor
2025-01-04,303.0,cor
2025-01-05,303.0,cor
2025-01-06,298.0,cor
2025-01-07,303.0,cor
2025-01-01,424.0,cost
2025-01-02,427.0,cost
2025-01-03,428.0,cost
2025-01-04,431.0,cost
2025-01-05,431.0,cost
2025-01-06,434.0,cost
2025-01-07,430.0,cost
2025-01-01,667.0,cpay
2025-01-02,677.0,cpay
2025-01-03,682.0,cpay
2025-01-04,677.0,cpay
2025-01-05,679.0,cpay
2025-01-06,671.0,cpay
2025-01-07,671.0,cpay
2025-01-01,633.0,cpb
2025-01-02,626.0,cpb
2025-01-03,626.0,cpb
2025-01-04,627.0,cpb
2025-01-05,636.0,cpb
2025-01-06,636.0,cpb
2025-01-07,636.0,cpb
2025-01-01,509.0,cprt
2025-01-02,511.0,cprt
2025-01-03,508.0,cprt
2025-01-04,509.0,cprt
2025-01-05,516.0,cprt
2025-01-06,515.0,cprt
2025-01-07,514.0,cprt
2025-01-01,762.0,crm
2025-01-02,768.0,crm
2025-01-03,762.0,crm
2025-01-04,763.0,crm
2025-01-05,763.0,crm
2025-01-06,766.0,crm
2025-01-07,766.0,crm
2025-01-01,434.0,csco
2025-01-02,434.0,csco
2025-01-03,434.0,csco
2025-01-04,431.0,csco
2025-01-05,433.0,csco
2025-01-06,439.0,csco
2025-01-07,434.0,csco
2025-01-01,708.0,csgp
2025-01-02,708.0,csgp
2025-01-03,708.0,csgp
2025-01-04,714.0,csgp
2025-01-05,711.0,csgp
2025-01-06,712.0,csgp
2025-01-07,722.0,csgp
2025-01-01,188.0,csx
2025-01-02,188.0,csx
2025-01-03,188.0,csx
2025-01-04,188.0,csx
2025-01-05,188.0,csx
2025-01-06,193.0,csx
2025-01-07,189.0,csx
2025-01-01,687.0,ctas
2025-01-02,694.0,ctas
2025-01-03,700.0,ctas
2025-01-04,702.0,ctas
2025-01-05,701.0,ctas
2025-01-06,704.0,ctas
2025-01-07,703.0,ctas
2025-01-01,333.0,ctva
2025-01-02,334.0,ctva
2025-01-03,335.0,ctva
2025-01-04,334.0,ctva
2025-01-05,332.0,ctva
2025-01-06,334.0,ctva
2025-01-07,333.0,ctva
2025-01-01,728.0,deck
2025-01-02,725.0,deck
2025-01-03,735.0,deck
2025-01-04,729.0,deck
2025-01-05,740.0,deck
2025-01-06,741.0,deck
2025-01-07,743.0,deck
2025-01-01,762.0,dfs
2025-01-02,761.0,dfs
2025-01-03,762.0,dfs
2025-01-04,760.0,dfs
2025-01-05,756.0,dfs
2025-01-06,757.0,dfs
2025-01-07,771.0,dfs
2025-01-01,385.0,dhi
2025-01-02,385.0,dhi
2025-01-03,382.0,dhi
2025-01-04,382.0,dhi
2025-01-05,382.0,dhi
2025-01-06,385.0,dhi
2025-01-07,385.0,dhi
2025-01-01,549.0,dlr
2025-01-02,546.0,dlr
2025-01-03,546.0,dlr
2025-01-04,546.0,dlr
2025-01-05,546.0,dlr
2025-01-06,538.0,dlr
2025-01-07,541.0,dlr
2025-01-01,561.0,dltr
2025-01-02,560.0,dltr
2025-01-03,565.0,dltr
2025-01-04,564.0,dltr
2025-01-05,568.0,dltr
2025-01-06,565.0,dltr
2025-01-07,565.0,dltr
2025-01-01,165.0,dpz
2025-01-02,165.0,dpz
2025-01-03,165.0,dpz
2025-01-04,163.0,dpz
2025-01-05,165.0,dpz
2025-01-06,165.0,dpz
2025-01-07,163.0,dpz
2025-01-01,354.0,dte
2025-01-02,350.0,dte
2025-01-03,354.0,dte
2025-01-04,354.0,dte
2025-01-05,354.0,dte
2025-01-06,355.0,dte
2025-01-07,350.0,dte
2025-01-01,778.0,duk
2025-01-02,778.0,duk
2025-01-03,779.0,duk
2025-01-04,768.0,duk
2025-01-05,768.0,duk
2025-01-06,768.0,duk
2025-01-07,779.0,duk
2025-01-01,445.0,ecl
2025-01-02,445.0,ecl
2025-01-03,453.0,ecl
2025-01-04,445.0,ecl
2025-01-05,451.0,ecl
2025-01-06,446.0,ecl
2025-01-07,451.0,ecl
2025-01-01,239.0,efx
2025-01-02,240.0,efx
2025-01-03,239.0,efx
2025-01-04,239.0,efx
2025-01-05,239.0,efx
2025-01-06,244.0,efx
2025-01-07,239.0,efx
2025-01-01,401.0,eg
2025-01-02,398.0,eg
2025-01-03,408.0,eg
2025-01-04,406.0,eg
2025-01-05,410.0,eg
2025-01-06,413.0,eg
2025-01-07,408.0,eg
2025-01-01,354.0,eix
2025-01-02,356.0,eix
2025-01-03,361.0,eix
2025-01-04,364.0,eix
2025-01-05,366.0,eix
2025-01-06,366.0,eix
2025-01-07,364.0,eix
2025-01-01,364.0,elv
2025-01-02,361.0,elv
2025-01-03,356.0,elv
2025-01-04,361.0,elv
2025-01-05,364.0,elv
2025-01-06,364.0,elv
2025-01-07,361.0,elv
2025-01-01,245.0,emn
2025-01-02,249.0,emn
2025-01-03,245.0,emn
2025-01-04,244.0,emn
2025-01-05,240.0,emn
2025-01-06,240.0,emn
2025-01-07,240.0,emn
2025-01-01,597.0,eog
2025-01-02,598.0,eog
2025-01-03,599.0,eog
2025-01-04,597.0,eog
2025-01-05,589.0,eog
2025-01-06,583.0,eog
2025-01-07,589.0,eog
2025-01-01,734.0,eqix
2025-01-02,734.0,eqix
2025-01-03,745.0,eqix
2025-01-04,751.0,eqix
2025-01-05,746.0,eqix
2025-01-06,740.0,eqix
2025-01-07,753.0,eqix
2025-01-01,594.0,eqr
2025-01-02,598.0,eqr
2025-01-03,604.0,eqr
2025-01-04,606.0,eqr
2025-01-05,604.0,eqr
2025-01-06,595.0,eqr
2025-01-07,598.0,eqr
2025-01-01,213.0,es
2025-01-02,219.0,es
2025-01-03,218.0,es
2025-01-04,218.0,es
2025-01-05,214.0,es
2025-01-06,214.0,es
2025-01-07,214.0,es
2025-01-01,270.0,ess
2025-01-02,273.0,ess
2025-01-03,272.0,ess
2025-01-04,272.0,ess
2025-01-05,272.0,ess
2025-01-06,274.0,ess
2025-01-07,273.0,ess
2025-01-01,793.0,etr
2025-01-02,811.0,etr
2025-01-03,811.0,etr
2025-01-04,813.0,etr
2025-01-05,812.0,etr
2025-01-06,780.0,etr
2025-01-07,813.0,etr
2025-01-01,321.0,exc
2025-01-02,326.0,exc
2025-01-03,326.0,exc
2025-01-04,329.0,exc
2025-01-05,329.0,exc
2025-01-06,326.0,exc
2025-01-07,319.0,exc
2025-01-01,606.0,fds
2025-01-02,600.0,fds
2025-01-03,606.0,fds
2025-01-04,607.0,fds
2025-01-05,607.0,fds
2025-01-06,599.0,fds
2025-01-07,604.0,fds
2025-01-01,439.0,fe
2025-01-02,439.0,fe
2025-01-03,434.0,fe
2025-01-04,434.0,fe
2025-01-05,431.0,fe
2025-01-06,427.0,fe
2025-01-07,434.0,fe
2025-01-01,598.0,ffiv
2025-01-02,595.0,ffiv
2025-01-03,595.0,ffiv
2025-01-04,594.0,ffiv
2025-01-05,595.0,ffiv
2025-01-06,599.0,ffiv
2025-01-07,599.0,ffiv
2025-01-01,529.0,fis
2025-01-02,528.0,fis
2025-01-03,525.0,fis
2025-01-04,519.0,fis
2025-01-05,526.0,fis
2025-01-06,526.0,fis
2025-01-07,525.0,fis
2025-01-01,753.0,fitb
2025-01-02,756.0,fitb
2025-01-03,762.0,fitb
2025-01-04,762.0,fitb
2025-01-05,774.0,fitb
2025-01-06,764.0,fitb
2025-01-07,767.0,fitb
2025-01-01,397.0,foxa
2025-01-02,405.0,foxa
2025-01-03,406.0,foxa
2025-01-04,406.0,foxa
2025-01-05,405.0,foxa
2025-01-06,401.0,foxa
2025-01-07,397.0,foxa
2025-01-01,340.0,frt
2025-01-02,337.0,frt
2025-01-03,340.0,frt
2025-01-04,341.0,frt
2025-01-05,341.0,frt
2025-01-06,343.0,frt
2025-01-07,341.0,frt
2025-01-01,599.0,gddy
2025-01-02,599.0,gddy
2025-01-03,599.0,gddy
2025-01-04,604.0,gddy
2025-01-05,600.0,gddy
2025-01-06,604.0,gddy
2025-01-07,598.0,gddy
2025-01-01,776.0,gild
2025-01-02,767.0,gild
2025-01-03,763.0,gild
2025-01-04,767.0,gild
2025-01-05,767.0,gild
2025-01-06,764.0,gild
2025-01-07,763.0,gild
2025-01-01,483.0,glw
2025-01-02,480.0,glw
2025-01-03,487.0,glw
2025-01-04,488.0,glw
2025-01-05,483.0,glw
2025-01-06,487.0,glw
2025-01-07,492.0,glw
2025-01-01,778.0,gm
2025-01-02,778.0,gm
2025-01-03,778.0,gm
2025-01-04,778.0,gm
2025-01-05,777.0,gm
2025-01-06,780.0,gm
2025-01-07,782.0,gm
2025-01-01,706.0,gnrc
2025-01-02,703.0,gnrc
2025-01-03,703.0,gnrc
2025-01-04,694.0,gnrc
2025-01-05,697.0,gnrc
2025-01-06,688.0,gnrc
2025-01-07,695.0,gnrc
2025-01-01,492.0,gpc
2025-01-02,496.0,gpc
2025-01-03,491.0,gpc
2025-01-04,483.0,gpc
2025-01-05,485.0,gpc
2025-01-06,485.0,gpc
2025-01-07,485.0,gpc
2025-01-01,766.0,gpn
2025-01-02,764.0,gpn
2025-01-03,765.0,gpn
2025-01-04,763.0,gpn
2025-01-05,764.0,gpn
2025-01-06,778.0,gpn
2025-01-07,784.0,gpn
2025-01-01,191.0,grmn
2025-01-02,194.0,grmn
2025-01-03,196.0,grmn
2025-01-04,200.0,grmn
2025-01-05,196.0,grmn
2025-01-06,196.0,grmn
2025-01-07,196.0,grmn
2025-01-01,530.0,hal
2025-01-02,526.0,hal
2025-01-03,526.0,hal
2025-01-04,525.0,hal
2025-01-05,530.0,hal
2025-01-06,526.0,hal
2025-01-07,530.0,hal
2025-01-01,497.0,has
2025-01-02,500.0,has
2025-01-03,501.0,has
2025-01-04,497.0,has
2025-01-05,502.0,has
2025-01-06,501.0,has
2025-01-07,506.0,has
2025-01-01,638.0,hca
2025-01-02,635.0,hca
2025-01-03,638.0,hca
2025-01-04,627.0,hca
2025-01-05,636.0,hca
2025-01-06,641.0,hca
2025-01-07,645.0,hca
2025-01-01,508.0,hes
2025-01-02,511.0,hes
2025-01-03,514.0,hes
2025-01-04,517.0,hes
2025-01-05,515.0,hes
2025-01-06,515.0,hes
2025-01-07,514.0,hes
2025-01-01,453.0,hig
2025-01-02,452.0,hig
2025-01-03,455.0,hig
2025-01-04,453.0,hig
2025-01-05,455.0,hig
2025-01-06,453.0,hig
2025-01-07,451.0,hig
2025-01-01,411.0,hii
2025-01-02,418.0,hii
2025-01-03,416.0,hii
2025-01-04,416.0,hii
2025-01-05,413.0,hii
2025-01-06,411.0,hii
2025-01-07,415.0,hii
2025-01-01,193.0,hlt
2025-01-02,190.0,hlt
2025-01-03,190.0,hlt
2025-01-04,193.0,hlt
2025-01-05,193.0,hlt
2025-01-06,193.0,hlt
2025-01-07,193.0,hlt
2025-01-01,745.0,hon
2025-01-02,751.0,hon
2025-01-03,744.0,hon
2025-01-04,741.0,hon
2025-01-05,741.0,hon
2025-01-06,747.0,hon
2025-01-07,741.0,hon
2025-01-01,308.0,hpe
2025-01-02,309.0,hpe
2025-01-03,308.0,hpe
2025-01-04,309.0,hpe
2025-01-05,308.0,hpe
2025-01-06,308.0,hpe
2025-01-07,308.0,hpe
2025-01-01,516.0,hrl
2025-01-02,516.0,hrl
2025-01-03,515.0,hrl
2025-01-04,504.0,hrl
2025-01-05,508.0,hrl
2025-01-06,508.0,hrl
2025-01-07,508.0,hrl
2025-01-01,671.0,hsic
2025-01-02,677.0,hsic
2025-01-03,671.0,hsic
2025-01-04,668.0,hsic
2025-01-05,677.0,hsic
2025-01-06,677.0,hsic
2025-01-07,671.0,hsic
2025-01-01,593.0,ibm
2025-01-02,589.0,ibm
2025-01-03,595.0,ibm
2025-01-04,589.0,ibm
2025-01-05,594.0,ibm
2025-01-06,589.0,ibm
2025-01-07,589.0,ibm
2025-01-01,625.0,ice
2025-01-02,621.0,ice
2025-01-03,620.0,ice
2025-01-04,624.0,ice
2025-01-05,626.0,ice
2025-01-06,626.0,ice
2025-01-07,630.0,ice
2025-01-01,209.0,idxx
2025-01-02,211.0,idxx
2025-01-03,209.0,idxx
2025-01-04,209.0,idxx
2025-01-05,209.0,idxx
2025-01-06,209.0,idxx
2025-01-07,209.0,idxx
2025-01-01,656.0,iff
2025-01-02,660.0,iff
2025-01-03,656.0,iff
2025-01-04,646.0,iff
2025-01-05,642.0,iff
2025-01-06,647.0,iff
2025-01-07,646.0,iff
2025-01-01,222.0,incy
2025-01-02,222.0,incy
2025-01-03,217.0,incy
2025-01-04,217.0,incy
2025-01-05,217.0,incy
2025-01-06,216.0,incy
2025-01-07,217.0,incy
2025-01-01,594.0,invh
2025-01-02,594.0,invh
2025-01-03,598.0,invh
2025-01-04,595.0,invh
2025-01-05,594.0,invh
2025-01-06,598.0,invh
2025-01-07,595.0,invh
2025-01-01,434.0,iqv
2025-01-02,431.0,iqv
2025-01-03,424.0,iqv
2025-01-04,424.0,iqv
2025-01-05,424.0,iqv
2025-01-06,424.0,iqv
2025-01-07,427.0,iqv
2025-01-01,500.0,irm
2025-01-02,492.0,irm
2025-01-03,498.0,irm
2025-01-04,499.0,irm
2025-01-05,496.0,irm
2025-01-06,503.0,irm
2025-01-07,498.0,irm
2025-01-01,580.0,j
2025-01-02,587.0,j
2025-01-03,577.0,j
2025-01-04,572.0,j
2025-01-05,576.0,j
2025-01-06,576.0,j
2025-01-07,576.0,j
2025-01-01,228.0,jbht
2025-01-02,223.0,jbht
2025-01-03,223.0,jbht
2025-01-04,221.0,jbht
2025-01-05,222.0,jbht
2025-01-06,223.0,jbht
2025-01-07,222.0,jbht
2025-01-01,700.0,jbl
2025-01-02,700.0,jbl
2025-01-03,697.0,jbl
2025-01-04,700.0,jbl
2025-01-05,709.0,jbl
2025-01-06,709.0,jbl
2025-01-07,703.0,jbl
2025-01-01,500.0,jci
2025-01-02,496.0,jci
2025-01-03,492.0,jci
2025-01-04,500.0,jci
2025-01-05,498.0,jci
2025-01-06,496.0,jci
2025-01-07,492.0,jci
2025-01-01,703.0,k
2025-01-02,707.0,k
2025-01-03,698.0,k
2025-01-04,703.0,k
2025-01-05,700.0,k
2025-01-06,703.0,k
2025-01-07,703.0,k
2025-01-01,660.0,kdp
2025-01-02,659.0,kdp
2025-01-03,657.0,kdp
2025-01-04,657.0,kdp
2025-01-05,657.0,kdp
2025-01-06,657.0,kdp
2025-01-07,657.0,kdp
2025-01-01,627.0,key
2025-01-02,635.0,key
2025-01-03,640.0,key
2025-01-04,634.0,key
2025-01-05,641.0,key
2025-01-06,636.0,key
2025-01-07,634.0,key
2025-01-01,485.0,kkr
2025-01-02,487.0,kkr
2025-01-03,488.0,kkr
2025-01-04,487.0,kkr
2025-01-05,488.0,kkr
2025-01-06,485.0,kkr
2025-01-07,485.0,kkr
2025-01-01,707.0,kmi
2025-01-02,707.0,kmi
2025-01-03,697.0,kmi
2025-01-04,694.0,kmi
2025-01-05,700.0,kmi
2025-01-06,700.0,kmi
2025-01-07,703.0,kmi
2025-01-01,660.0,kmx
2025-01-02,660.0,kmx
2025-01-03,667.0,kmx
2025-01-04,671.0,kmx
2025-01-05,678.0,kmx
2025-01-06,671.0,kmx
2025-01-07,671.0,kmx
2025-01-01,210.0,ko
2025-01-02,210.0,ko
2025-01-03,212.0,ko
2025-01-04,214.0,ko
2025-01-05,212.0,ko
2025-01-06,213.0,ko
2025-01-07,214.0,ko
2025-01-01,294.0,l
2025-01-02,297.0,l
2025-01-03,298.0,l
2025-01-04,297.0,l
2025-01-05,298.0,l
2025-01-06,298.0,l
2025-01-07,298.0,l
2025-01-01,267.0,ldos
2025-01-02,267.0,ldos
2025-01-03,267.0,ldos
2025-01-04,267.0,ldos
2025-01-05,270.0,ldos
2025-01-06,272.0,ldos
2025-01-07,270.0,ldos
2025-01-01,401.0,lhx
2025-01-02,396.0,lhx
2025-01-03,395.0,lhx
2025-01-04,395.0,lhx
2025-01-05,395.0,lhx
2025-01-06,396.0,lhx
2025-01-07,401.0,lhx
2025-01-01,526.0,lii
2025-01-02,520.0,lii
2025-01-03,518.0,lii
2025-01-04,518.0,lii
2025-01-05,520.0,lii
2025-01-06,525.0,lii
2025-01-07,527.0,lii
2025-01-01,197.0,lkq
2025-01-02,197.0,lkq
2025-01-03,200.0,lkq
2025-01-04,200.0,lkq
2025-01-05,200.0,lkq
2025-01-06,201.0,lkq
2025-01-07,200.0,lkq
2025-01-01,289.0,low
2025-01-02,287.0,low
2025-01-03,289.0,low
2025-01-04,289.0,low
2025-01-05,287.0,low
2025-01-06,286.0,low
2025-01-07,286.0,low
2025-01-01,767.0,lrcx
2025-01-02,766.0,lrcx
2025-01-03,767.0,lrcx
2025-01-04,769.0,lrcx
2025-01-05,766.0,lrcx
2025-01-06,768.0,lrcx
2025-01-07,768.0,lrcx
2025-01-01,296.0,luv
2025-01-02,296.0,luv
2025-01-03,294.0,luv
2025-01-04,297.0,luv
2025-01-05,298.0,luv
2025-01-06,294.0,luv
2025-01-07,289.0,luv
2025-01-01,272.0,lw
2025-01-02,267.0,lw
2025-01-03,267.0,lw
2025-01-04,267.0,lw
2025-01-05,265.0,lw
2025-01-06,266.0,lw
2025-01-07,265.0,lw
2025-01-01,492.0,lyv
2025-01-02,496.0,lyv
2025-01-03,492.0,lyv
2025-01-04,492.0,lyv
2025-01-05,487.0,lyv
2025-01-06,489.0,lyv
2025-01-07,492.0,lyv
2025-01-01,421.0,ma
2025-01-02,419.0,ma
2025-01-03,424.0,ma
2025-01-04,418.0,ma
2025-01-05,418.0,ma
2025-01-06,417.0,ma
2025-01-07,418.0,ma
2025-01-01,326.0,mas
2025-01-02,326.0,mas
2025-01-03,326.0,mas
2025-01-04,326.0,mas
2025-01-05,323.0,mas
2025-01-06,326.0,mas
2025-01-07,326.0,mas
2025-01-01,334.0,mcd
2025-01-02,331.0,mcd
2025-01-03,332.0,mcd
2025-01-04,332.0,mcd
2025-01-05,328.0,mcd
2025-01-06,332.0,mcd
2025-01-07,331.0,mcd
2025-01-01,273.0,mck
2025-01-02,280.0,mck
2025-01-03,281.0,mck
2025-01-04,281.0,mck
2025-01-05,285.0,mck
2025-01-06,280.0,mck
2025-01-07,281.0,mck
2025-01-01,633.0,mdlz
2025-01-02,640.0,mdlz
2025-01-03,636.0,mdlz
2025-01-04,641.0,mdlz
2025-01-05,633.0,mdlz
2025-01-06,641.0,mdlz
2025-01-07,638.0,mdlz
2025-01-01,630.0,mdt
2025-01-02,627.0,mdt
2025-01-03,634.0,mdt
2025-01-04,636.0,mdt
2025-01-05,630.0,mdt
2025-01-06,630.0,mdt
2025-01-07,633.0,mdt
2025-01-01,266.0,met
2025-01-02,267.0,met
2025-01-03,272.0,met
2025-01-04,272.0,met
2025-01-05,270.0,met
2025-01-06,267.0,met
2025-01-07,267.0,met
2025-01-01,680.0,meta
2025-01-02,669.0,meta
2025-01-03,670.0,meta
2025-01-04,676.0,meta
2025-01-05,676.0,meta
2025-01-06,685.0,meta
2025-01-07,681.0,meta
2025-01-01,657.0,mkc
2025-01-02,660.0,mkc
2025-01-03,660.0,mkc
2025-01-04,660.0,mkc
2025-01-05,660.0,mkc
2025-01-06,657.0,mkc
2025-01-07,660.0,mkc
2025-01-01,411.0,moh
2025-01-02,410.0,moh
2025-01-03,416.0,moh
2025-01-04,413.0,moh
2025-01-05,415.0,moh
2025-01-06,416.0,moh
2025-01-07,413.0,moh
2025-01-01,289.0,mos
2025-01-02,289.0,mos
2025-01-03,289.0,mos
2025-01-04,289.0,mos
2025-01-05,286.0,mos
2025-01-06,282.0,mos
2025-01-07,286.0,mos
2025-01-01,383.0,mrk
2025-01-02,384.0,mrk
2025-01-03,385.0,mrk
2025-01-04,385.0,mrk
2025-01-05,388.0,mrk
2025-01-06,389.0,mrk
2025-01-07,389.0,mrk
2025-01-01,823.0,ms
2025-01-02,816.0,ms
2025-01-03,815.0,ms
2025-01-04,815.0,ms
2025-01-05,815.0,ms
2025-01-06,814.0,ms
2025-01-07,822.0,ms
2025-01-01,439.0,msci
2025-01-02,439.0,msci
2025-01-03,445.0,msci
2025-01-04,445.0,msci
2025-01-05,451.0,msci
2025-01-06,445.0,msci
2025-01-07,446.0,msci
2025-01-01,683.0,msft
2025-01-02,676.0,msft
2025-01-03,668.0,msft
2025-01-04,671.0,msft
2025-01-05,670.0,msft
2025-01-06,671.0,msft
2025-01-07,677.0,msft
2025-01-01,212.0,mtch
2025-01-02,209.0,mtch
2025-01-03,209.0,mtch
2025-01-04,212.0,mtch
2025-01-05,209.0,mtch
2025-01-06,210.0,mtch
2025-01-07,212.0,mtch
2025-01-01,629.0,nclh
2025-01-02,636.0,nclh
2025-01-03,633.0,nclh
2025-01-04,627.0,nclh
2025-01-05,633.0,nclh
2025-01-06,633.0,nclh
2025-01-07,627.0,nclh
2025-01-01,204.0,nflx
2025-01-02,208.0,nflx
2025-01-03,208.0,nflx
2025-01-04,208.0,nflx
2025-01-05,211.0,nflx
2025-01-06,212.0,nflx
2025-01-07,210.0,nflx
2025-01-01,515.0,ni
2025-01-02,525.0,ni
2025-01-03,520.0,ni
2025-01-04,520.0,ni
2025-01-05,526.0,ni
2025-01-06,530.0,ni
2025-01-07,526.0,ni
2025-01-01,373.0,noc
2025-01-02,373.0,noc
2025-01-03,380.0,noc
2025-01-04,375.0,noc
2025-01-05,367.0,noc
2025-01-06,367.0,noc
2025-01-07,372.0,noc
2025-01-01,580.0,now
2025-01-02,580.0,now
2025-01-03,572.0,now
2025-01-04,576.0,now
2025-01-05,572.0,now
2025-01-06,572.0,now
2025-01-07,577.0,now
2025-01-01,832.0,nrg
2025-01-02,833.0,nrg
2025-01-03,833.0,nrg
2025-01-04,825.0,nrg
2025-01-05,826.0,nrg
2025-01-06,830.0,nrg
2025-01-07,830.0,nrg
2025-01-01,659.0,nsc
2025-01-02,648.0,nsc
2025-01-03,648.0,nsc
2025-01-04,647.0,nsc
2025-01-05,637.0,nsc
2025-01-06,642.0,nsc
2025-01-07,648.0,nsc
2025-01-01,734.0,ntap
2025-01-02,728.0,ntap
2025-01-03,721.0,ntap
2025-01-04,722.0,ntap
2025-01-05,729.0,ntap
2025-01-06,716.0,ntap
2025-01-07,726.0,ntap
2025-01-01,855.0,nvda
2025-01-02,853.0,nvda
2025-01-03,853.0,nvda
2025-01-04,854.0,nvda
2025-01-05,852.0,nvda
2025-01-06,852.0,nvda
2025-01-07,857.0,nvda
2025-01-01,508.0,nvr
2025-01-02,504.0,nvr
2025-01-03,508.0,nvr
2025-01-04,509.0,nvr
2025-01-05,510.0,nvr
2025-01-06,508.0,nvr
2025-01-07,504.0,nvr
2025-01-01,581.0,nws
2025-01-02,589.0,nws
2025-01-03,594.0,nws
2025-01-04,598.0,nws
2025-01-05,595.0,nws
2025-01-06,598.0,nws
2025-01-07,594.0,nws
2025-01-01,190.0,o
2025-01-02,190.0,o
2025-01-03,190.0,o
2025-01-04,188.0,o
2025-01-05,188.0,o
2025-01-06,190.0,o
2025-01-07,189.0,o
2025-01-01,287.0,odfl
2025-01-02,294.0,odfl
2025-01-03,287.0,odfl
2025-01-04,287.0,odfl
2025-01-05,287.0,odfl
2025-01-06,286.0,odfl
2025-01-07,286.0,odfl
2025-01-01,648.0,oke
2025-01-02,652.0,oke
2025-01-03,652.0,oke
2025-01-04,656.0,oke
2025-01-05,647.0,oke
2025-01-06,648.0,oke
2025-01-07,647.0,oke
2025-01-01,252.0,on
2025-01-02,245.0,on
2025-01-03,245.0,on
2025-01-04,241.0,on
2025-01-05,245.0,on
2025-01-06,245.0,on
2025-01-07,240.0,on
2025-01-01,294.0,orly
2025-01-02,294.0,orly
2025-01-03,289.0,orly
2025-01-04,296.0,orly
2025-01-05,298.0,orly
2025-01-06,298.0,orly
2025-01-07,298.0,orly
2025-01-01,416.0,oxy
2025-01-02,421.0,oxy
2025-01-03,421.0,oxy
2025-01-04,415.0,oxy
2025-01-05,407.0,oxy
2025-01-06,409.0,oxy
2025-01-07,410.0,oxy
2025-01-01,640.0,panw
2025-01-02,647.0,panw
2025-01-03,642.0,panw
2025-01-04,646.0,panw
2025-01-05,645.0,panw
2025-01-06,639.0,panw
2025-01-07,640.0,panw
2025-01-01,652.0,payc
2025-01-02,648.0,payc
2025-01-03,656.0,payc
2025-01-04,657.0,payc
2025-01-05,657.0,payc
2025-01-06,660.0,payc
2025-01-07,659.0,payc
2025-01-01,200.0,payx
2025-01-02,204.0,payx
2025-01-03,201.0,payx
2025-01-04,203.0,payx
2025-01-05,201.0,payx
2025-01-06,201.0,payx
2025-01-07,203.0,payx
2025-01-01,589.0,pcg
2025-01-02,585.0,pcg
2025-01-03,594.0,pcg
2025-01-04,594.0,pcg
2025-01-05,594.0,pcg
2025-01-06,589.0,pcg
2025-01-07,594.0,pcg
2025-01-01,256.0,peg
2025-01-02,257.0,peg
2025-01-03,260.0,peg
2025-01-04,259.0,peg
2025-01-05,259.0,peg
2025-01-06,259.0,peg
2025-01-07,257.0,peg
2025-01-01,228.0,pep
2025-01-02,231.0,pep
2025-01-03,228.0,pep
2025-01-04,230.0,pep
2025-01-05,230.0,pep
2025-01-06,229.0,pep
2025-01-07,228.0,pep
2025-01-01,604.0,pg
2025-01-02,595.0,pg
2025-01-03,599.0,pg
2025-01-04,599.0,pg
2025-01-05,606.0,pg
2025-01-06,608.0,pg
2025-01-07,606.0,pg
2025-01-01,729.0,pgr
2025-01-02,729.0,pgr
2025-01-03,735.0,pgr
2025-01-04,728.0,pgr
2025-01-05,741.0,pgr
2025-01-06,748.0,pgr
2025-01-07,744.0,pgr
2025-01-01,470.0,ph
2025-01-02,476.0,ph
2025-01-03,470.0,ph
2025-01-04,467.0,ph
2025-01-05,467.0,ph
2025-01-06,470.0,ph
2025-01-07,470.0,ph
2025-01-01,597.0,pkg
2025-01-02,599.0,pkg
2025-01-03,594.0,pkg
2025-01-04,594.0,pkg
2025-01-05,595.0,pkg
2025-01-06,599.0,pkg
2025-01-07,594.0,pkg
2025-01-01,166.0,pm
2025-01-02,164.0,pm
2025-01-03,164.0,pm
2025-01-04,163.0,pm
2025-01-05,165.0,pm
2025-01-06,165.0,pm
2025-01-07,165.0,pm
2025-01-01,181.0,pnc
2025-01-02,184.0,pnc
2025-01-03,187.0,pnc
2025-01-04,187.0,pnc
2025-01-05,186.0,pnc
2025-01-06,183.0,pnc
2025-01-07,184.0,pnc
2025-01-01,319.0,pnr
2025-01-02,319.0,pnr
2025-01-03,319.0,pnr
2025-01-04,314.0,pnr
2025-01-05,315.0,pnr
2025-01-06,319.0,pnr
2025-01-07,318.0,pnr
2025-01-01,559.0,pnw
2025-01-02,564.0,pnw
2025-01-03,564.0,pnw
2025-01-04,564.0,pnw
2025-01-05,561.0,pnw
2025-01-06,555.0,pnw
2025-01-07,555.0,pnw
2025-01-01,503.0,psa
2025-01-02,498.0,psa
2025-01-03,496.0,psa
2025-01-04,503.0,psa
2025-01-05,498.0,psa
2025-01-06,496.0,psa
2025-01-07,496.0,psa
2025-01-01,760.0,ptc
2025-01-02,762.0,ptc
2025-01-03,761.0,ptc
2025-01-04,762.0,ptc
2025-01-05,773.0,ptc
2025-01-06,779.0,ptc
2025-01-07,773.0,ptc
2025-01-01,578.0,pypl
2025-01-02,582.0,pypl
2025-01-03,578.0,pypl
2025-01-04,583.0,pypl
2025-01-05,590.0,pypl
2025-01-06,594.0,pypl
2025-01-07,588.0,pypl
2025-01-01,209.0,regn
2025-01-02,209.0,regn
2025-01-03,209.0,regn
2025-01-04,209.0,regn
2025-01-05,209.0,regn
2025-01-06,212.0,regn
2025-01-07,209.0,regn
2025-01-01,693.0,rjf
2025-01-02,693.0,rjf
2025-01-03,698.0,rjf
2025-01-04,708.0,rjf
2025-01-05,703.0,rjf
2025-01-06,703.0,rjf
2025-01-07,698.0,rjf
2025-01-01,439.0,rmd
2025-01-02,440.0,rmd
2025-01-03,445.0,rmd
2025-01-04,439.0,rmd
2025-01-05,435.0,rmd
2025-01-06,435.0,rmd
2025-01-07,434.0,rmd
2025-01-01,389.0,rop
2025-01-02,389.0,rop
2025-01-03,391.0,rop
2025-01-04,395.0,rop
2025-01-05,393.0,rop
2025-01-06,393.0,rop
2025-01-07,389.0,rop
2025-01-01,529.0,rost
2025-01-02,527.0,rost
2025-01-03,520.0,rost
2025-01-04,516.0,rost
2025-01-05,516.0,rost
2025-01-06,517.0,rost
2025-01-07,516.0,rost
2025-01-01,537.0,rtx
2025-01-02,546.0,rtx
2025-01-03,541.0,rtx
2025-01-04,546.0,rtx
2025-01-05,546.0,rtx
2025-01-06,541.0,rtx
2025-01-07,541.0,rtx
2025-01-01,239.0,rvty
2025-01-02,236.0,rvty
2025-01-03,236.0,rvty
2025-01-04,240.0,rvty
2025-01-05,239.0,rvty
2025-01-06,240.0,rvty
2025-01-07,240.0,rvty
2025-01-01,334.0,schw
2025-01-02,333.0,schw
2025-01-03,333.0,schw
2025-01-04,333.0,schw
2025-01-05,335.0,schw
2025-01-06,338.0,schw
2025-01-07,338.0,schw
2025-01-01,314.0,slb
2025-01-02,318.0,slb
2025-01-03,314.0,slb
2025-01-04,314.0,slb
2025-01-05,319.0,slb
2025-01-06,319.0,slb
2025-01-07,314.0,slb
2025-01-01,514.0,smci
2025-01-02,520.0,smci
2025-01-03,515.0,smci
2025-01-04,508.0,smci
2025-01-05,514.0,smci
2025-01-06,519.0,smci
2025-01-07,513.0,smci
2025-01-01,356.0,sna
2025-01-02,361.0,sna
2025-01-03,361.0,sna
2025-01-04,364.0,sna
2025-01-05,361.0,sna
2025-01-06,357.0,sna
2025-01-07,356.0,sna
2025-01-01,707.0,so
2025-01-02,699.0,so
2025-01-03,688.0,so
2025-01-04,685.0,so
2025-01-05,687.0,so
2025-01-06,688.0,so
2025-01-07,698.0,so
2025-01-01,528.0,solv
2025-01-02,526.0,solv
2025-01-03,528.0,solv
2025-01-04,536.0,solv
2025-01-05,530.0,solv
2025-01-06,528.0,solv
2025-01-07,530.0,solv
2025-01-01,196.0,spg
2025-01-02,196.0,spg
2025-01-03,200.0,spg
2025-01-04,196.0,spg
2025-01-05,197.0,spg
2025-01-06,200.0,spg
2025-01-07,196.0,spg
2025-01-01,682.0,ste
2025-01-02,684.0,ste
2025-01-03,693.0,ste
2025-01-04,700.0,ste
2025-01-05,700.0,ste
2025-01-06,698.0,ste
2025-01-07,698.0,ste
2025-01-01,439.0,stld
2025-01-02,439.0,stld
2025-01-03,434.0,stld
2025-01-04,427.0,stld
2025-01-05,427.0,stld
2025-01-06,431.0,stld
2025-01-07,431.0,stld
2025-01-01,571.0,stz
2025-01-02,564.0,stz
2025-01-03,559.0,stz
2025-01-04,559.0,stz
2025-01-05,560.0,stz
2025-01-06,555.0,stz
2025-01-07,555.0,stz
2025-01-01,483.0,sw
2025-01-02,479.0,sw
2025-01-03,482.0,sw
2025-01-04,478.0,sw
2025-01-05,482.0,sw
2025-01-06,479.0,sw
2025-01-07,474.0,sw
2025-01-01,230.0,swk
2025-01-02,230.0,swk
2025-01-03,223.0,swk
2025-01-04,224.0,swk
2025-01-05,223.0,swk
2025-01-06,228.0,swk
2025-01-07,228.0,swk
2025-01-01,525.0,syf
2025-01-02,520.0,syf
2025-01-03,520.0,syf
2025-01-04,519.0,syf
2025-01-05,519.0,syf
2025-01-06,525.0,syf
2025-01-07,519.0,syf
2025-01-01,405.0,syy
2025-01-02,405.0,syy
2025-01-03,402.0,syy
2025-01-04,398.0,syy
2025-01-05,402.0,syy
2025-01-06,402.0,syy
2025-01-07,398.0,syy
2025-01-01,312.0,t
2025-01-02,312.0,t
2025-01-03,316.0,t
2025-01-04,318.0,t
2025-01-05,318.0,t
2025-01-06,318.0,t
2025-01-07,318.0,t
2025-01-01,610.0,tdg
2025-01-02,605.0,tdg
2025-01-03,600.0,tdg
2025-01-04,601.0,tdg
2025-01-05,600.0,tdg
2025-01-06,601.0,tdg
2025-01-07,610.0,tdg
2025-01-01,599.0,tdy
2025-01-02,598.0,tdy
2025-01-03,594.0,tdy
2025-01-04,589.0,tdy
2025-01-05,588.0,tdy
2025-01-06,589.0,tdy
2025-01-07,589.0,tdy
2025-01-01,577.0,tfc
2025-01-02,576.0,tfc
2025-01-03,576.0,tfc
2025-01-04,568.0,tfc
2025-01-05,566.0,tfc
2025-01-06,572.0,tfc
2025-01-07,572.0,tfc
2025-01-01,678.0,tfx
2025-01-02,670.0,tfx
2025-01-03,666.0,tfx
2025-01-04,671.0,tfx
2025-01-05,678.0,tfx
2025-01-06,683.0,tfx
2025-01-07,682.0,tfx
2025-01-01,687.0,tgt
2025-01-02,684.0,tgt
2025-01-03,687.0,tgt
2025-01-04,684.0,tgt
2025-01-05,679.0,tgt
2025-01-06,683.0,tgt
2025-01-07,687.0,tgt
2025-01-01,361.0,tjx
2025-01-02,355.0,tjx
2025-01-03,356.0,tjx
2025-01-04,357.0,tjx
2025-01-05,356.0,tjx
2025-01-06,356.0,tjx
2025-01-07,355.0,tjx
2025-01-01,210.0,tpl
2025-01-02,210.0,tpl
2025-01-03,212.0,tpl
2025-01-04,210.0,tpl
2025-01-05,212.0,tpl
2025-01-06,209.0,tpl
2025-01-07,212.0,tpl
2025-01-01,700.0,tpr
2025-01-02,702.0,tpr
2025-01-03,710.0,tpr
2025-01-04,702.0,tpr
2025-01-05,710.0,tpr
2025-01-06,707.0,tpr
2025-01-07,712.0,tpr
2025-01-01,361.0,trgp
2025-01-02,356.0,trgp
2025-01-03,355.0,trgp
2025-01-04,351.0,trgp
2025-01-05,351.0,trgp
2025-01-06,351.0,trgp
2025-01-07,355.0,trgp
2025-01-01,651.0,trmb
2025-01-02,652.0,trmb
2025-01-03,646.0,trmb
2025-01-04,645.0,trmb
2025-01-05,647.0,trmb
2025-01-06,646.0,trmb
2025-01-07,643.0,trmb
2025-01-01,434.0,trv
2025-01-02,435.0,trv
2025-01-03,439.0,trv
2025-01-04,435.0,trv
2025-01-05,434.0,trv
2025-01-06,435.0,trv
2025-01-07,439.0,trv
2025-01-01,272.0,tt
2025-01-02,272.0,tt
2025-01-03,273.0,tt
2025-01-04,272.0,tt
2025-01-05,273.0,tt
2025-01-06,270.0,tt
2025-01-07,270.0,tt
2025-01-01,526.0,ttwo
2025-01-02,525.0,ttwo
2025-01-03,526.0,ttwo
2025-01-04,530.0,ttwo
2025-01-05,531.0,ttwo
2025-01-06,530.0,ttwo
2025-01-07,530.0,ttwo
2025-01-01,229.0,txn
2025-01-02,229.0,txn
2025-01-03,233.0,txn
2025-01-04,228.0,txn
2025-01-05,224.0,txn
2025-01-06,223.0,txn
2025-01-07,228.0,txn
2025-01-01,632.0,ual
2025-01-02,630.0,ual
2025-01-03,630.0,ual
2025-01-04,630.0,ual
2025-01-05,627.0,ual
2025-01-06,626.0,ual
2025-01-07,626.0,ual
2025-01-01,287.0,uber
2025-01-02,287.0,uber
2025-01-03,287.0,uber
2025-01-04,286.0,uber
2025-01-05,286.0,uber
2025-01-06,286.0,uber
2025-01-07,286.0,uber
2025-01-01,610.0,udr
2025-01-02,615.0,udr
2025-01-03,620.0,udr
2025-01-04,620.0,udr
2025-01-05,616.0,udr
2025-01-06,611.0,udr
2025-01-07,616.0,udr
2025-01-01,415.0,uhs
2025-01-02,413.0,uhs
2025-01-03,409.0,uhs
2025-01-04,411.0,uhs
2025-01-05,402.0,uhs
2025-01-06,407.0,uhs
2025-01-07,410.0,uhs
2025-01-01,651.0,ulta
2025-01-02,647.0,ulta
2025-01-03,652.0,ulta
2025-01-04,656.0,ulta
2025-01-05,648.0,ulta
2025-01-06,656.0,ulta
2025-01-07,647.0,ulta
2025-01-01,374.0,uri
2025-01-02,375.0,uri
2025-01-03,380.0,uri
2025-01-04,382.0,uri
2025-01-05,375.0,uri
2025-01-06,380.0,uri
2025-01-07,383.0,uri
2025-01-01,589.0,vici
2025-01-02,587.0,vici
2025-01-03,597.0,vici
2025-01-04,588.0,vici
2025-01-05,594.0,vici
2025-01-06,594.0,vici
2025-01-07,594.0,vici
2025-01-01,183.0,vlto
2025-01-02,183.0,vlto
2025-01-03,181.0,vlto
2025-01-04,181.0,vlto
2025-01-05,181.0,vlto
2025-01-06,180.0,vlto
2025-01-07,183.0,vlto
2025-01-01,416.0,vrsn
2025-01-02,415.0,vrsn
2025-01-03,416.0,vrsn
2025-01-04,415.0,vrsn
2025-01-05,415.0,vrsn
2025-01-06,416.0,vrsn
2025-01-07,418.0,vrsn
2025-01-01,261.0,vrtx
2025-01-02,262.0,vrtx
2025-01-03,263.0,vrtx
2025-01-04,263.0,vrtx
2025-01-05,261.0,vrtx
2025-01-06,261.0,vrtx
2025-01-07,259.0,vrtx
2025-01-01,763.0,vtrs
2025-01-02,762.0,vtrs
2025-01-03,762.0,vtrs
2025-01-04,767.0,vtrs
2025-01-05,777.0,vtrs
2025-01-06,766.0,vtrs
2025-01-07,764.0,vtrs
2025-01-01,204.0,vz
2025-01-02,208.0,vz
2025-01-03,203.0,vz
2025-01-04,204.0,vz
2025-01-05,204.0,vz
2025-01-06,203.0,vz
2025-01-07,203.0,vz
2025-01-01,266.0,wab
2025-01-02,265.0,wab
2025-01-03,261.0,wab
2025-01-04,261.0,wab
2025-01-05,262.0,wab
2025-01-06,264.0,wab
2025-01-07,261.0,wab
2025-01-01,627.0,wat
2025-01-02,627.0,wat
2025-01-03,624.0,wat
2025-01-04,624.0,wat
2025-01-05,627.0,wat
2025-01-06,632.0,wat
2025-01-07,630.0,wat
2025-01-01,154.0,wba
2025-01-02,155.0,wba
2025-01-03,157.0,wba
2025-01-04,154.0,wba
2025-01-05,154.0,wba
2025-01-06,156.0,wba
2025-01-07,156.0,wba
2025-01-01,396.0,wbd
2025-01-02,401.0,wbd
2025-01-03,404.0,wbd
2025-01-04,406.0,wbd
2025-01-05,406.0,wbd
2025-01-06,406.0,wbd
2025-01-07,403.0,wbd
2025-01-01,308.0,wday
2025-01-02,308.0,wday
2025-01-03,309.0,wday
2025-01-04,309.0,wday
2025-01-05,309.0,wday
2025-01-06,308.0,wday
2025-01-07,308.0,wday
2025-01-01,496.0,wec
2025-01-02,492.0,wec
2025-01-03,492.0,wec
2025-01-04,492.0,wec
2025-01-05,492.0,wec
2025-01-06,492.0,wec
2025-01-07,496.0,wec
2025-01-01,552.0,well
2025-01-02,558.0,well
2025-01-03,560.0,well
2025-01-04,553.0,well
2025-01-05,555.0,well
2025-01-06,555.0,well
2025-01-07,551.0,well
2025-01-01,190.0,wm
2025-01-02,190.0,wm
2025-01-03,193.0,wm
2025-01-04,193.0,wm
2025-01-05,193.0,wm
2025-01-06,193.0,wm
2025-01-07,190.0,wm
2025-01-01,389.0,wmb
2025-01-02,389.0,wmb
2025-01-03,389.0,wmb
2025-01-04,389.0,wmb
2025-01-05,389.0,wmb
2025-01-06,389.0,wmb
2025-01-07,393.0,wmb
2025-01-01,285.0,wmt
2025-01-02,281.0,wmt
2025-01-03,281.0,wmt
2025-01-04,281.0,wmt
2025-01-05,281.0,wmt
2025-01-06,280.0,wmt
2025-01-07,280.0,wmt
2025-01-01,214.0,wrb
2025-01-02,219.0,wrb
2025-01-03,214.0,wrb
2025-01-04,213.0,wrb
2025-01-05,214.0,wrb
2025-01-06,213.0,wrb
2025-01-07,213.0,wrb
2025-01-01,648.0,xom
2025-01-02,642.0,xom
2025-01-03,646.0,xom
2025-01-04,640.0,xom
2025-01-05,640.0,xom
2025-01-06,648.0,xom
2025-01-07,641.0,xom
2025-01-01,311.0,yum
2025-01-02,309.0,yum
2025-01-03,312.0,yum
2025-01-04,314.0,yum
2025-01-05,314.0,yum
2025-01-06,309.0,yum
2025-01-07,309.0,yum
